emp_id,name,age,gender,dept_id,join_date
1,Allison Hill,,Male,1001.0,2022-06-03
2,Brian Yang,,Female,1002.0,2025-02-28
3,Javier Johnson,30.0,Male,1001.0,2022-05-20
4,Lance Hoffman,,Male,,2025-02-27
5,Jerry Ramirez,40.0,Male,1001.0,2020-07-30
6,Caitlin Henderson,25.0,Male,1002.0,2022-11-20
7,Tyler Rogers,45.0,Male,,2021-04-24
8,Ian Cooper,30.0,Female,1002.0,2022-10-09
9,Monica Herrera,40.0,Female,1001.0,2023-09-29
10,Edward Fuller,30.0,Female,1003.0,2023-08-07
11,Michele Williams,35.0,Male,1002.0,2022-06-18
12,Victoria Wyatt,35.0,Male,1001.0,2021-05-19
13,Jesse Flowers,40.0,Male,1003.0,2021-11-27
14,Daniel Adams,35.0,Female,1001.0,2021-02-16
15,Carolyn Daniel,,Female,,2021-11-29
16,Devin Schaefer,25.0,Female,1001.0,2025-04-05
17,Frederick Tate,45.0,Female,,2020-12-30
18,Andrew Stewart,35.0,Male,1001.0,2022-10-19
19,Thomas Bradley,25.0,Male,1003.0,2023-03-14
20,Jonathan Wilkerson,25.0,Male,1001.0,2024-06-04
21,Charles Mcgee,40.0,Female,1004.0,2025-02-08
22,Kevin Hurst,,Female,1002.0,2023-12-02
23,Zachary Taylor,35.0,Female,1002.0,2024-09-20
24,Anthony Rodriguez,,Female,1001.0,2021-11-19
25,Jennifer Brown,45.0,Male,,2023-10-08
26,Julie King,,Male,1002.0,2025-03-24
27,Alexandra Le,40.0,Female,1003.0,2025-02-02
28,Patricia Peterson,,Male,1003.0,2023-01-07
29,Jesse Mckay,25.0,Male,1001.0,2022-10-06
30,Pamela Romero,35.0,Female,1003.0,2021-06-05
31,Elizabeth Fowler,25.0,Male,,2022-03-19
32,Phillip Ryan,,Female,1002.0,2025-01-12
33,Linda Burns,,Female,1004.0,2021-06-22
34,Sherry Decker,,Female,1002.0,2023-02-20
35,David Bradley,35.0,Male,1002.0,2021-03-11
36,John Jones,,Female,,2025-01-20
37,Betty Alvarez,40.0,Female,1003.0,2025-03-14
38,Joseph Obrien,30.0,Male,,2022-04-29
39,Nicole Vaughn,40.0,Male,1001.0,2023-03-05
40,Michael Brooks,25.0,Male,1002.0,2024-12-04
41,David Brown,,Female,,2020-09-13
42,Crystal Robinson,25.0,Female,1004.0,2021-02-15
43,Amy Jones,45.0,Female,,2020-10-15
44,Andrea Young,35.0,Male,1001.0,2024-08-26
45,Carlos Walls,,Female,1003.0,2025-05-19
46,Dana Kennedy,25.0,Female,1004.0,2023-12-26
47,Brent Jordan,30.0,Female,1001.0,2024-02-16
48,Scott Brown,,Female,,2021-05-11
49,Nicholas Mcbride,30.0,Male,1003.0,2021-06-14
50,Connor West,,Male,1002.0,2024-02-10
51,Joel Baxter,35.0,Male,,2021-03-01
52,Scott Pierce,45.0,Male,,2020-12-14
53,Kimberly Smith,35.0,Female,1001.0,2021-04-25
54,Sarah Martin,25.0,Female,1003.0,2024-08-26
55,Dr. Steven Martin,30.0,Male,1002.0,2020-07-16
56,Mrs. Rachel Gibson,45.0,Male,1001.0,2024-02-14
57,Monica Logan,,Female,1001.0,2024-08-30
58,Edward Novak,45.0,Male,1002.0,2025-06-13
59,Amy Edwards,,Female,,2020-12-12
60,Kathryn Farrell,30.0,Female,,2021-11-11
